Z.Galileo
Y.Bonder;Bonder,Yuri;Bonder,Y.
Y.Concha;Concha-Sánchez,Y.;Concha-Sanchez,Y.
W.Bietenholz;Bietenholz,Wolfgang;Bietenholz,W.
F.Wall;Wall,W.;Wall,William F.;Wall,W.F.
V.Grabski;Grabski,Varlen;Grabski,V.H.;Grabski,V.;Grabski,V
V.Gomez;Gonzalez Macias,Vannia;Gonzalez-Macias,V.;González-Macías,Vannia:González Macías,V.;González Macías,Vannia
U.Gerber
U.Cotti;Cotti,U.;Cotti,Umberto
U.Nucamendi;Nucamendi,Ulises;Nucamendi,U.
S.Silich;Silich,Sergiy;Silich,S.;Silich,Sergyi;Silich,Sergey A.;Silich,Sergey;Silich,S. A.
S.Rodriguez;Rodriguez,Simon;Rodríguez,S.;Rodríguez,Simon;Rodriguez,S.
S.Gomez;Gómez-Ávila,Selim;Gomez-Avila,Selim;Gomez-Avila,S.
S.Ramos;Ramos-Sánchez,Saúl;Ramos-Sanchez,Saul
S.Sahu;Sahu,Sarira;Sahu,S. N.;Sahu,S.
S.Kaufmann;Kaufmann,S.;Kaufmann,S;Kaufmann,Sarah
S.Carrillo;Carrillo Moreno,Salvador;Carrillo,S.;Carrillo,Salvador
R.Flores;Flores-Mendieta,Rubén;Flores-Mendieta,Ruben;Flores-Mendieta,R.
ROSA ELENA SANMIGUEL RORIGUEZ
R.Linares;Linares-Romero,Roman;Linares-Romero,Román;Linares,Román;Linares,Roman;Linares,R.;Linares Romero,Roman
R.Hernandez-Pinto;Hernández-Pinto,Roger;Hernandez-Pinto,Roger;Hernández-Pinto,R.J.;Hernandez-Pinto,R.J.;Hernandez-Pinto,R;Hernandez Pinto,R.J.
R.Pelayo;Pelayo,R.;Pelayo,Rodrigo;Pelayo Ramos,Rodrigo
R.Noriega-Papaqui;Noriega-Papaqui,R.;Noriega Papaqui,R.
R.Arceo;Arceo,R.;Arceo, R
R.Lopez-Fernandez;Lopez-Fernandez,Ricardo;Lopez-Fernandez,R.
R.Gaitan;Gaitan,R.;Gaitán,R.;Gaitan,Ricardo
R.Luna;Luna-Garcia,Rene;Luna-Garcia,R.;Luna,Ramon;Luna,R.;Luna Garcia,Rene;Luna Garcia,R.;Luna Garcia,R.
RALF LEHNER
P.Hess;Hess,Peter Otto;Hess,Peter O.;Hess,P.O.;Hess,P. O.;Hess,P.
P.Miranda;Miranda-Romagnoli,P.
P.L.M.Podesta-Lerma;Podesta-Lerma,P.L.M.;Podesta-Lerma,Pedro Luis Manuel;Podesta Lerma,Pedro Luis Manuel
P.Roig;Roig,Pablo;Roig,P.
O.Sabido;Sabido,Miguel;Sabido,M.
O.Martinez;Martínez,O.;Martinez Bravo,O.;Martínez Bravo,Oscar
O.Loaiza;Loaiza-Brito,Oscar;Loaiza-Brito,O.
O.Tibolla;Tibolla,O.;Tibolla,Omar
O.Miranda;Miranda,O.G.;Miranda,O.;Miranda,Omar;Miranda,Omar G.
O.Corradini;Corradini,Olindo;Corradini,O.
O.Felix;Félix-Beltrán,O.;Felix Beltran,O.;Beltran,O.F.;Felix-Beltran,O.;Felix-Beltran,Olga
N.Kirchbach;Kirchbach,M.;Kirchbach,Mariana;Kirchbach,M.N.;Kirchbach,Mariana;Mariana,Kirchbach
M.Mondragon;Mondragon,M.;Mondragon,Myriam;Mondragón,M.;Mondragón,Myriam
MIGUEL SOKOLOVSKY VAJOVSKY
M.A.Perez-Angon;Perez,M.A.;Perez,M.;Perez,Miguel A.
M.Garcia-Aspeitia;Garcia-Aspeitia,Miguel Angel;Garcia-Aspeitia,Miguel A.;García-Aspeitia,Miguel A.
M.Gomez-Bock;Gomez-Bock,M.;Gómez-Bock,M.;Gomez Bock,M.;Gómez-Bock,M.
M.Napsuciale;Napsuciale,M.;Napsuciale,Mauro;Napsuciale Mendivil,Mauro
M.Hentschinski;Hentschinski,Martin;Hentschinski,M.;Hentschingsk,Martin
M.Rodriguez;Rodriguez Cahuantzi,Mario;Rodriguez Cahuantzi,M.;Rodriguez Cahuantzi,M;Rodríguez Cahuantzi,Mario;Rodriguez,Mario
M.Chernicoff;Chernicoff,Mariano;Chernicoff,M.
M.Vargas;Vargas-Magaña,Mariana;Vargas-Magana,Mariana;Vargas Magaña,Mariana;Vargas Magana,Mariana
I.Pedraza;Pedraza Morales,Maria Isabel;Pedraza Morales,M.I.;Pedraza Morales,M I;Pedraza-Morales,M.I.;Pedraza,M.I.
M.E.Tejeda;Tejeda-Yeomans,Maria Elena;Tejeda-Yeomans,M.E.
M.Hernandez;Hernandez-Ruiz,M.A.;Hernández-Ruiz,M.A.;Hernandez-Ruiz,Maria A.;Hernandez-Ruiz,Maria
M.Reyes;Reyes-Santos,Marco A;Reyes-Santos,Marco A.;Reyes,M.A.;Reyes,M.;Santos, M.
M.Torres-Labansat;Torres,Manuel;Torres,Manuel A.P.;Torres,M.
L.Nellen;Nellen,Lukas;Nellen,L.;Nellen,L
L.M.Villasenor;Villasenor-Cendejas,Luis Manuel;Villasenor,L.;Villaseñor,Luis;Villaseñor-Cendejas,Luis Manuel;Villasenor,Luis Manuel;Villasenor Cendejas,Luis Manuel
L.Montano;Montano Zetina,Luis Manuel;Montano Zetina,L.;Montano,L.M.
G.Cabral;Cabral-Rosetti,Luis G.;Cabral-Rosetti,L.G.
L.Urrutia;Urrutia,L.F.;Urrutia,Luis F.;Urrutia,Luis;Urrutia,L.;Urrutia,Luis Fernando
L.Valencia;Valencia Palomo,Lizardo;Valencia Palomo,L.;Valencia Palomo,L;Valencia,L.
L.Valencia;Vazquez-Mercado,Liliana;Vazquez-Mercado,L.
L.Barron;Barron-Palos,L.;Barron-Palos,Libertad;Barrón-Palos,L.;Barron Palos,L.
LAURA XIOMARA GUTIERREZ GUERRERO;Gutierrez-Guerrero,L.X.;Gutiérrez-Guerrero,L.X.
K.Caballero;Caballero-Mora,K.S.;Caballero-Mora,Karen S;Caballero-Mora,Karen S.;Caballero Mora,K.S.;Caballero-Mora,Karen Salome;Caballero Mora,Karen Salomé 
L.Diaz-Cruz;Diaz-Cruz,J.L.;Diaz-Cruz,J.Lorenzo;Diaz Cruz,J.L.;Diaz-Cruz,J. Lorenzo;Díaz-Cruz,J.L.;Diaz- Cruz, J.L.
J.Engelfried;Engelfried,J.;Engelfried,Jürgen;Engelfried,Jurgen
J.Felix;Felix-Valdez,Julian;Felix,J.;Felix,J.A.;Felix,Jose Antonio Alcantara;Felix,Julian
J.C.DOlivo;D'Olivo,J.C.;D'Olivo,Juan Carlos;D'Olivo,J C;DOlivo, J.C.;J. C.,D'Olivo
J.C.Arteaga;Arteaga.Velazquez,J.C.;Arteaga-Velázquez,J.C.;Arteaga-Velázquez,J. C.;Arteaga-Velazquez,J.C.
J.Barranco;Barranco Monarca,Juan;Barranco,J.;Barranco,J.A.;Barranco,Juan
J.Nieto;Nieto,Juan A.;Nieto,J.L.;Nieto,J.Antonio;Nieto,J.A.;Nieto,J. A
R.Alfaro;Alfaro Molina,Jose Ruben;Alfaro,R.;Molina,R.Alfaro;Alfaro,R;Alfaro Molina,R.;Alfaro Molina,R;Alfaro Molina,J R
G.Contreras;Contreras,J.G.;Contreras,Jesus Guillermo;Contreras, J.
J.Barradas;Barradas-Guevara,E.;Barradas Guevara,E.;Guevara,E.Barradas;Barradas-Guevara,J.E.;Barradas Guevara,J.E.
J.Vergara;Vergara,J.David;Vergara,J.D.;Vergara,J. David;Vergara,Jose David;Vergara,José David;Vergara,Jose D.;Vergara,Jose;Vergara,J .David
JOSE ANTONIO GARCIA ZENTENO
A.Ayala;Ayala,Alejandro;Ayala,A.;Ayala,A
J.Cotzomi;Cotzomi,J.
J.Cobos;Cobos-Martínez,J. J.;Cobos-Martnez,J.J.;Cobos-Martínez,J.J.;Cobos-Martinez,J.J.
D.Tapia;Tapia Takaki,Daniel Jesus;J.Tapia Takaki,D.;Tapia Takaki,Daniel;Takaki,J.D.Tapia;Takaki,D.J.Tapia;Tapia Takaki,J.D.;Tapia Takaki,J D
J.Cortez;Cortez,Jerónimo;Cortez,Jeronimo;Cortez,J.L.M.;Cortez,J.H.;Cortez,J
J.Erler;Erler,Jens;Erler,J.
J.Hernandez;Hernandez-Sanchez,J.;Hernandez-Sanchez,Jaime;Hernández–Sánchez,J.;Hernández-Sánchez,J.;Hernández--Sánchez,J.;Hernádez-Sánchez,J.;Hernandez--Sanchez,J.;Hernandez Sanchez,J.
J.Besprosvany;Besprosvany,J.;Besprosvany,Jaime
I.Heredia;Heredia-De La Cruz,Ivan;Heredia-De La Cruz,I.;La Cruz,I.Heredia-De;Heredia de la Cruz,I.
I.Cortes;Cortes Maldonado,Ismael;Cortes Maldonado,I.;Cortés Maldonado,I;Cortés-Maldonado,I.;Corts Maldonado,I;Cortes-Maldonado,I.;Cortes Maldonado,I
I.Dominguez;Dominguez,Isabel;Dominguez,I.;Dominguez,I
I.Bautista;Bautista,I.;Bautista,Irais
I.Leon-Monzon;Leon Monzon,Ildefonso;Leon Monzon,I.;Leon Monzon,I;León Monzón,I;Leon-Monzon,I.;León Monzón,I.;Leon,I.
I.Torres;Torres Aguilar,Ibrahim Daniel;Torres Aguilar,Ibrahim;Torres,I.;Torres,Ibrahim
HUMBERTO DIAZ CRUZ
H.Salazar;Salazar Ibarguen,Humberto Antonio;Ibarguen,Humberto Antonio Salazar
H.Morales;Morales-Técotl,Hugo A.;Morales-Tecotl,Hugo A.;Morales-Tecotl,H.A.;Morales-Técotl,Hugo A.;Morales-Tecotl,Hugo Aurelio;Morales-Tecotl,Hugo;Morales-Tecotl,H.;Morales Tecotl,Hugo A.
H.Castilla-Valdez;Castilla-Valdez,Heriberto;Castilla-Valdez,H.;Castilla Valdez,Heriberto;Castilla Valdez,H.;Castilla Valdez,H
H.Novales;Novales-Sanchez,H.;Novales-Sánchez,H.;Novales-Sanchez,Hector
H.Compean;Garcia-Compean,H.;Garcia-Compean,Hugo;García-Compeán,H.;García-Compeán,Hugo
G.Paic;Paic,G;Paic,Guy;PaiĆ,G.;Paić,G.;Paić,Guy
G.Niz;Niz,Gustavo;
G.Medina-Tanco;Medina-Tanco,G.;Medina-Tanco,Gustavo;Medina-Tanco,Gustavo A.;Medina Tanco,G.;Medina-Tanco,G.A.;Medina Tanco,G.A.;Medina Tanco,Gustavo A.;Tanco,G.Medina
G.Tejeda;Tejeda Munoz,Guillermo;Tejeda Munoz,G.;Tejeda Munoz,G
G.Moreno;Moreno,Gerardo;Moreno,G.;Moreno,G.A.;Moreno,G.R.
G.Herrera;Herrera Corral,Gerardo Antonio;Herrera Corral,G.;Herrera,G.;Herrera-Corral,G.;Herrera Corral,G;Herrera-Corral,G;Herrera Corral,Gerardo;Corral,Gerardo H.;Corral,G.H.
H.Maury;Maury Cuna,H.;Maury Cuna,Humberto;Maury Cuna,Georfrey
G.Toledo;Toledo Sanchez,G.;Sanchez,G.Toledo;Toledo Sánchez,G.;Toledo Sanchez,Genaro;Toledo,Genaro;Toledo-Sanchez,Genaro
G.MurgiaROMERO;Murguia,Gabriela;Murguia,G.
G.Lopez-Castro;López Castro,G.;Castro,G. López;López-Castro,G.;Castro,G López
F.Trillaud;Trillaud,F.;Trillaud,Frederic
F.Flores;Flores-Baez,F.V.;Flores–Baez,F.;Flores-Baéz,F.V.;Flores-Baez,Francisco V.;Flores-Baez,F.;Flores Baéz,Francisco V.
F.Larios;Larios,F.;Larios,Francisco
F.Astorga;Astorga,F.;Astorga,Francisco
M.Moreno-Yntriago;Moreno,M.;Moreno,Matias;Moreno,Matías
E.Vazquez-Jauregui;Rodriguez-Jauregui,E.;Rodríguez-Jáuregui,E.
E.Garces;Garces,E.A.;Garces,Estela A.;Garcés,Estela A.
E.Belmont;Belmont Moreno,Ernesto;Belmont-Moreno,Ernesto;Belmont-Moreno,E.;Belmont-Moreno,E;Belmont,E.;Belmont Moreno,E;Belmont Moreno,E.
E.Delgado;Delgado-Acosta,E.G.;Delgado Acosta,E.G.
E.Patino;Patiño,Leonardo;Patino,Leonardo
E.Vazquez-Jauregui;Vazquez-Jauregui,E.;Vázquez-Jáuregui,E.;Vazquez-Jauregui,Eric;Vazquez Jauregui,Eric;Jauregui,Eric Vazquez
E.Ponce;Ponce,E.
E.Varela;Varela,Enrique;Varela,E
E.Vazquez;Vazquez Valencia,Fabiola;Vazquez,F.;Vázquez-Valencia,Elsa Fabiola;Vazquez-Valencia,Elsa Fabiola;Valencia,Elsa Fabiola Vazquez
E.Ayon;Ayon-Beato,Eloy;Ayón-Beato,Eloy;Ayon-Beato,E.;
E.Okon;Okon,Elias;Okon,E.
E.Santos;Santos-Rodriguez,Eli;
E.Caceres;Caceres,Elena;Cáceres,Elena;Caceres,E.
E.Peinado;Peinado,E.;Peinado,Eduardo
E.Moreno;Barbosa,E.Moreno;Barbosa,H.M.J.;Moreno-Barbosa,E.;Barbosa,E. Moreno;Barbosa,H.
E.DeLaFuente;de la Fuente Acosta,Eduardo
E.DeLaCruz-Burelo;De La Cruz-Burelo,Eduard;De La Cruz-Burelo,E.;De La Cruz Burelo,Eduard;La Cruz-Burelo,Eduard De;La Cruz-Burelo,E.De;De La Cruz-Burelo,E;De La Cruz Burelo,E.;De La Cruz Burelo,E;Cruz-Burelo,E.DeLa
E.Casimiro;Casimiro Linares,Edgar;
E.Leon;Leon,E.A.
D.Delepine;Delepine,D.;Delepine,David
D.Sudarsky;Sudarsky,Daniel
CUPATITZIO RAMIREZ ROMERO
C.Oropeza;Oropeza Barrera,Cristina;Oropeza Barrera,C.;Oropeza Barrera,C;Barrera,C.Oropeza;Barrera,C.
C.Schubert;Schubert,Christian;Schubert,C
C.Valerio;Valerio-Lizarraga,Cristhian A.
C.Terrero;Terrero-Escalante,Cesar A.;Terrero-Escalante,César A.;Terrero-Escalante,C.A.
C.Alvarez;Ochoa,C. Alvarez;Alvarez Ochoa,Cesar
C.Uribe;Uribe-Estrada,C.;Uribe Estrada,Cecilia;Uribe-Estrada,Cecilia;Uribe Estrada,C.
C.Cisneros;Cisneros,C.;Cisneros,C
C.Vaquera;Vaquera-Araujo,C.A.;Vaquera-Araujo,Carlos A.
C.Honorato;Honorato,C.G.
C.Calcaneo;Calcaneo-Roldan,Carlos;Calcaneo-Roldan,C.
B.Jaramillo;Jaramillo Avila,Benjamin Raziel
A.Bolanos;Bolanos,A.;Bolaños,A.
A.Weber;Weber,Axel;Weber,A.
A.DeLaMacorra;De la Macorra,A.;De La Macorra,Axel
A.Courtoy;Courtoy,A.;Courtoy,Aurore
A.Fernandez;Fernandez Tellez,Arturo;Fernandez Tellez,A.;Fernández Téllez,A;Fernandez Tellez,A;Fernández Téllez,A.;Téllez,A. Fernandez;Férnandez Téllez,A;Fernandez-Tellez,A.;Fernandez,A.
A.Menchaca;Menchaca-Rocha,Arturo Alejandro;Menchaca-Rocha,A.;Menchaca-Rocha,A;Menchaca-Rocha,Arturo;Menchaca,A.
A.Zepeda;Zepeda,A.;Zepeda,A;Zepeda,Arnulfo
A.Bernal;Bernal,Argelia;Bernal,A.
A.Ortiz;Ortíz Velázquez,A;Ortíz Velázquez,A.;Ortiz-Velazquez,A.;Ortiz Velazquez,A.;Ortiz Velasquez,Antonio;Ortiz Velasquez,A.;Ortiz,Antonio;Ortiz Velasquez,A;Ortiz,A.;Ortiz,Antonio Velasquez;Ortiz-Velasquez,A.
A.Morelos;Morelos Pineda,Antonio;Morelos Pineda,A;Morelos-Pineda,Antonio;Morelos Pineda,A.
A.Sandoval;Sandoval,A.;Sandoval,A;Sandoval,Andres
A.Gonzalez;Gonzalez-Morales,Alma X.;González-Morales,Alma X.;Gonzalez-Morales,A X;Gonzalez Morales,Alma X.
A.Raya;Raya,Khépani;Raya,K.;Raya Montano,Alfredo;Raya,Alfredo;Raya,A.;Raya Montano,Alfredo
A.Aranda;Aranda,Alfredo;Aranda,A.;Aranda Fernandez,A.
A.Rosado;Rosado,A;Rosado,Alfonso
A.Mondragon;Mondragón,A.;Mondragon,A.
A.Aguilar;Aguilar-Arevalo,A.A.;Aguilar-Arevalo,A.;Aguilar-Arevalo,Alexis A.;Aguilar-Arevalo,Alexis;Aguilar-Arevalo,Alexis Armando
ALEJANDRO CORICHI RODRIGUEZ GIL
A.Gutierrez;Gutierrez-Rodriguez,A.;Gutiérrez-Rodríguez,A.;Gutiérrez-Rodríguez,Alejandro
A.Martinez;Martínez-Merino,Aldo;Martinez-Merino,Aldo A.;Martinez-Merino,A.A.;Martinez-Merino,Aldo Aparicio
A.Sanchez-Hernandez;Sánchez-Hernández,Alberto;Sánchez Hernández,Alberto;Sánchez Hernández,A;Sanchez-Hernandez,Alberto;Sanchez-Hernandez,A.;Sanchez-Hernandez,A;Sanchez Hernandez,Alberto;Sanchez Hernandez,A.;Hernandez,Alberto Sanchez
A.Hernandez-Almada;Hernandez-Almada,Alberto
A.Hernandez-Almada;Guijosa,Alberto;Güijosa,Alberto;Guijosa,A.;Guijosa,A
A.Carraminana;Carraminana,A.;Carraminana,Alberto;Carramiñana,A.;Carramiñana,Alberto
A.Bashir;Bashir,A.;Bashir,Adnan
A.Camacho;Camacho,A.;Camacho,Abel;Camacho,Abel Quintana
A.Perez-Lorenzana;Perez-Lorenzana,Abdel;Perez-Lorenzana,A.;Pérez-Lorenzana,A.;Pérez-Lorenzana,Abdel
A.Higuera;Higuera,A.;Higuera,Aaron